Attributes,High,Low,Open,Close,Volume,Adj Close
Symbols,020004.TW,020004.TW,020004.TW,020004.TW,020004.TW,020004.TW
Date,,,,,,
2019-09-20,20.8799991607666,20.8799991607666,20.8799991607666,20.8799991607666,2000,20.8799991607666
