Attributes,High,Low,Open,Close,Volume,Adj Close
Symbols,020000.TW,020000.TW,020000.TW,020000.TW,020000.TW,020000.TW
Date,,,,,,
2019-09-20,4.840000152587891,4.820000171661377,4.840000152587891,4.829999923706055,772000,4.829999923706055
