Attributes,High,Low,Open,Close,Volume,Adj Close
Symbols,020005.TW,020005.TW,020005.TW,020005.TW,020005.TW,020005.TW
Date,,,,,,
2019-09-16,20.299999237060547,20.229999542236328,20.25,20.299999237060547,4000,20.299999237060547
