Attributes,High,Low,Open,Close,Volume,Adj Close
Symbols,020006.TW,020006.TW,020006.TW,020006.TW,020006.TW,020006.TW
Date,,,,,,
2019-09-19,20.770000457763672,20.770000457763672,20.770000457763672,20.770000457763672,1000,20.770000457763672
