Attributes,High,Low,Open,Close,Volume,Adj Close
Symbols,020002.TW,020002.TW,020002.TW,020002.TW,020002.TW,020002.TW
Date,,,,,,
2019-09-20,14.079999923706055,14.079999923706055,14.079999923706055,14.079999923706055,1000,14.079999923706055
