Attributes,High,Low,Open,Close,Volume,Adj Close
Symbols,020007.TW,020007.TW,020007.TW,020007.TW,020007.TW,020007.TW
Date,,,,,,
2019-09-19,20.59000015258789,20.59000015258789,20.59000015258789,20.59000015258789,1000,20.59000015258789
